month,section,geo,metric,label,target,unit,responsible,previous_month
2026-09,late_ftd,TR,late_ftd_count,Поздние FTD,250,players,,
2026-09,late_ftd,IN,late_ftd_count,Поздние FTD,300,players,,
2026-09,late_ftd,AR,late_ftd_count,Поздние FTD,250,players,,
2026-09,retention,TR,retention_d3_plus,D3+ Retention (месяц FTD),60,percent,,
2026-09,retention,AR,retention_d3_plus,D3+ Retention (месяц FTD),40,percent,,
2026-09,retention,CO,retention_d3_plus,D3+ Retention (месяц FTD),40,percent,,
2026-09,retention,IN,retention_d3_plus,D3+ Retention (месяц FTD),30,percent,,
2026-10,late_ftd,TR,late_ftd_count,Поздние FTD,350,players,Команда,
2026-10,late_ftd,AR,late_ftd_count,Поздние FTD,350,players,Команда,
2026-10,late_ftd,CO,late_ftd_count,Поздние FTD,300,players,Команда,
2026-10,late_ftd,IN,late_ftd_count,Поздние FTD,240,players,Команда,
2026-10,crm,TR,trigger_email_open_rate,Open Rate триггерных писем,25,percent,Кафтасев,
2026-10,crm,AR,trigger_email_open_rate,Open Rate триггерных писем,20,percent,Кафтасев,
2026-10,crm,CO,trigger_email_open_rate,Open Rate триггерных писем,20,percent,Кафтасев,
2026-10,retention,TR,retention_d3_plus,RR 3D · определение и план уточнить,,percent,Шибут,
2026-10,retention,AR,retention_d3_plus,RR 3D · определение и план уточнить,,percent,Шибут,
2026-10,retention,CO,retention_d3_plus,RR 3D · определение и план уточнить,,percent,Шибут,
2026-10,retention,IN,retention_d3_plus,RR 3D · определение и план уточнить,,percent,Шибут,
2026-10,projects,ALL,email_domains,Подготовить и прогреть 5 новых email-доменов,5,count,Кафтасев,2
2026-10,projects,ALL,communications_2,Персонализированные триггерные цепочки Communications 2.0,100,percent,Кисицын,
2026-10,projects,ALL,crm_dashboard,Разработать и реализовать CRM-дашборд,100,percent,Андреева,
2026-10,projects,ALL,push_timing,Эксперимент с таймингом пушей PWA.partners,100,percent,Андреева,
2026-10,projects,ALL,inbox_triggers,Инбоксы про все триггерные события в продукте,100,percent,Кисицын,
